{
  "results": {
    "forecast_metrics": {
      "result": {
        "mse": 67.16176105762996,
        "rmse": 8.19522794421424,
        "mae": 6.263478700183217,
        "mape": 1.4986624063677378,
        "smape": 1.5142100521336168,
        "mase": 6.263478700183217,
        "dtw": 4.816051935455965,
        "r2": -2.7887081822622957
      },
      "main_scores": {
        "mse": 67.16176105762996,
        "rmse": 8.19522794421424,
        "mae": 6.263478700183217,
        "mape": 1.4986624063677378,
        "smape": 1.5142100521336168,
        "mase": 6.263478700183217,
        "dtw": 4.816051935455965,
        "r2": -2.7887081822622957
      }
    }
  }
}