{
  "params": {
    "d_model": 125.0,
    "nhead": 4.0,
    "num_layers": 2.0,
    "dropout": 0.1351109280535652,
    "lag_max": 14.0,
    "kan_grid_size": 3.0,
    "epochs": 14.0,
    "batch_size": 37.0,
    "lr": 0.006744369003020296,
    "trend_weight": 0.3974575367846146
  },
  "metrics": {
    "mse": 18.99665641784668,
    "rmse": 4.35851539148902,
    "mae": 3.675137996673584,
    "mape": 717.5941467285156,
    "smape": 108.85827541351318,
    "mase": 2.5863821127980446,
    "dtw": 3.1594882987439634,
    "r2": -3.0542995104580264
  },
  "model_dir": "/Users/panhui/Desktop/ph_hw/lanqu_code/TSA-Suite/results/models_hpo/final_best"
}