{
  "mse": 8.77863883972168,
  "rmse": 2.9628767844312525,
  "mae": 2.3324379920959473,
  "mape": 481.5462589263916,
  "smape": 96.88904881477356,
  "mase": 1.6414556153885131,
  "dtw": 2.026362910121679,
  "r2": -0.8735522771069721
}