{
  "mse": 18.339655502071984,
  "rmse": 4.28248239950522,
  "mae": 3.588275540445295,
  "mape": 680.3646854567035,
  "smape": 108.72485873443496,
  "mase": 2.5252525710463836,
  "dtw": 2.942619208620161,
  "r2": -2.9140811853542363
}