{
  "mse": 21.55860637812905,
  "rmse": 4.643124635213775,
  "mae": 4.060811254983766,
  "mape": 781.456133032344,
  "smape": 115.05672000762782,
  "mase": 2.8578000620624806,
  "dtw": 3.15161301441007,
  "r2": -3.6010752817881118
}