{
  "results": {
    "forecast_metrics": {
      "result": {
        "mse": 133.5992786821009,
        "rmse": 11.558515418603761,
        "mae": 9.095947286070983,
        "mape": 2.188572185502081,
        "smape": 2.1988015780507495,
        "mase": 909.5947286070982,
        "dtw": 7.561649618880438,
        "r2": -6.536560571318026
      },
      "main_scores": {
        "mse": 133.5992786821009,
        "rmse": 11.558515418603761,
        "mae": 9.095947286070983,
        "mape": 2.188572185502081,
        "smape": 2.1988015780507495,
        "mase": 909.5947286070982,
        "dtw": 7.561649618880438,
        "r2": -6.536560571318026
      }
    }
  }
}