y_true,y_pred
-3.900169,-3.3966424
-3.6840258,-3.8903184
-3.0628474,-3.9701607
2.152368,-3.5723908
0.48367426,-3.6452682
0.52098024,-4.020972
-1.629961,-3.3390043
-3.1361926,-3.607024
-3.0569046,-3.8228927
-1.2334424,-3.7073395
-0.06941478,-3.6880515
2.399442,-3.7137454
0.53694206,-3.026977
-2.4534187,-3.7762227
-2.8351612,-3.2207265
-4.120487,-3.1331892
-4.618091,-3.158275
-3.831465,-2.9661613
-0.439467,-3.043529
1.1422951,-3.1533298
